Doc #,Word,Tag
1,The,I-ORG
1,German,I-ORG
1,federal,I-ORG
1,prosecutor,I-ORG
1,'s,I-ORG
1,office,I-ORG
1,said,O
1,Amri,I-PER
1,'s,O
1,fingerprints,O
1,had,O
1,been,O
1,found,O
1,in,O
1,a,O
1,number,O
1,of,O
1,places,O
1,around,O
1,the,O
1,lorry,O
1,'s,O
1,cab,O
1,.,O
1,"""",O
1,At,O
1,this,O
1,point,O
1,in,O
1,the,O
1,investigation,O
1,",",O
1,we,O
1,assume,O
1,Anis,I-PER
1,Amri,I-PER
1,drove,O
1,the,O
1,truck,O
1,",",O
1,"""",O
1,said,O
1,spokeswoman,O
1,Frauke,I-PER
1,Koehler,I-PER
1,.,O
1,She,O
1,also,O
1,confirmed,O
1,police,O
1,raids,O
1,had,O
1,been,O
1,carried,O
1,out,O
1,"""",O
1,in,O
1,various,O
1,locations,O
1,"""",O
1,in,O
1,Berlin,I-LOC
1,and,O
1,in,O
1,North,I-LOC
1,Rhine,I-LOC
1,-,I-LOC
1,Westphalia,I-LOC
1,state,O
1,where,O
1,the,O
1,suspect,O
1,"""",O
1,was,O
1,living,O
1,and,O
1,staying,O
1,for,O
1,some,O
1,time,O
1,"""",O
1,.,O
1,,O
2,US,I-LOC
2,President,O
2,-,O
2,elect,O
2,Donald,I-PER
2,Trump,I-PER
2,has,O
2,appointed,O
2,economist,O
2,Peter,I-PER
2,Navarro,I-PER
2,",",O
2,a,O
2,fierce,O
2,critic,O
2,of,O
2,China,I-LOC
2,",",O
2,as,O
2,the,O
2,head,O
2,of,O
2,a,O
2,new,O
2,national,O
2,trade,O
2,body,O
2,.,O
2,He,O
2,will,O
2,lead,O
2,the,O
2,White,I-ORG
2,House,I-ORG
2,National,I-ORG
2,Trade,I-ORG
2,Council,I-ORG
2,",",O
2,and,O
2,serve,O
2,as,O
2,director,O
2,of,O
2,trade,O
2,and,O
2,industrial,O
2,policy,O
2,.,O
2,Mr,O
2,Navarro,I-PER
2,advised,O
2,Mr,O
2,Trump,I-PER
2,during,O
2,the,O
2,campaign,O
2,.,O
2,His,O
2,books,O
2,include,O
2,The,O
2,Coming,O
2,China,I-LOC
2,Wars,O
2,and,O
2,Death,O
2,by,O
2,China,I-LOC
2,.,O
2,Mr,O
2,Trump,I-PER
2,has,O
2,also,O
2,named,O
2,billionaire,O
2,investor,O
2,Carl,I-PER
2,Icahn,I-PER
2,to,O
2,become,O
2,a,O
2,special,O
2,adviser,O
2,on,O
2,regulatory,O
2,reform,O
2,.,O
2,,O
3,Shares,O
3,in,O
3,Italy,I-LOC
3,'s,O
3,third,O
3,largest,O
3,bank,O
3,",",O
3,Monte,I-ORG
3,dei,I-ORG
3,Paschi,I-ORG
3,di,I-ORG
3,Siena,I-ORG
3,",",O
3,closed,O
3,7.4,O
3,%,O
3,lower,O
3,on,O
3,Thursday,O
3,as,O
3,the,O
3,markets,O
3,awaited,O
3,news,O
3,of,O
3,a,O
3,rescue,O
3,.,O
3,The,O
3,bank,O
3,looks,O
3,increasingly,O
3,likely,O
3,to,O
3,be,O
3,bailed,O
3,out,O
3,by,O
3,the,O
3,government,O
3,after,O
3,a,O
3,deadline,O
3,for,O
3,recapitalisation,O
3,passed,O
3,.,O
3,The,O
3,Italian,I-ORG
3,parliament,I-ORG
3,has,O
3,authorised,O
3,the,O
3,government,O
3,to,O
3,use,O
3,more,O
3,than,O
3,$,O
3,20bn,O
3,(,O
3,�,O
3,16.8bn,O
3,),O
3,to,O
3,support,O
3,the,O
3,bank,O
3,sector,O
3,.,O
3,,O
4,It,O
4,is,O
4,supported,O
4,by,O
4,Oscar,O
4,-,O
4,winning,O
4,songwriter,O
4,Hansard,I-PER
4,and,O
4,Oscar,O
4,-,O
4,nominated,O
4,film,O
4,director,O
4,Jim,I-PER
4,Sheridan,I-PER
4,.,O
4,Hundreds,O
4,of,O
4,people,O
4,gathered,O
4,outside,O
4,the,O
4,building,O
4,on,O
4,Tuesday,O
4,afternoon,O
4,as,O
4,Hansard,I-PER
4,led,O
4,supporters,O
4,in,O
4,an,O
4,Irish,O
4,rendition,O
4,of,O
4,the,O
4,American,O
4,song,O
4,This,O
4,Land,O
4,is,O
4,Our,O
4,Land,O
4,.,O
4,Earlier,O
4,",",O
4,the,O
4,High,I-ORG
4,Court,I-ORG
4,was,O
4,told,O
4,the,O
4,receivers,O
4,were,O
4,very,O
4,sensitive,O
4,to,O
4,the,O
4,plight,O
4,of,O
4,the,O
4,homeless,O
4,",",O
4,Irish,O
4,national,O
4,broadcaster,O
4,RT�,I-ORG
4,reported,O
4,.,O
4,Their,O
4,barrister,O
4,said,O
4,there,O
4,were,O
4,enough,O
4,facilities,O
4,available,O
4,for,O
4,the,O
4,number,O
4,of,O
4,homeless,O
4,people,O
4,in,O
4,Dublin,I-LOC
4,at,O
4,the,O
4,moment,O
4,",",O
4,according,O
4,to,O
4,Dublin,I-ORG
4,City,I-ORG
4,Council,I-ORG
4,,O
5,The,O
5,Scottish,I-ORG
5,government,I-ORG
5,believes,O
5,that,O
5,",",O
5,short,O
5,of,O
5,full,O
5,EU,I-ORG
5,membership,O
5,",",O
5,the,O
5,"""",O
5,least,O
5,worst,O
5,outcome,O
5,for,O
5,the,O
5,UK,I-LOC
5,as,O
5,a,O
5,whole,O
5,"""",O
5,would,O
5,be,O
5,to,O
5,retain,O
5,full,O
5,membership,O
5,of,O
5,the,O
5,European,I-ORG
5,Single,I-ORG
5,Market,I-ORG
5,through,O
5,the,O
5,European,I-ORG
5,Economic,I-ORG
5,Area,I-ORG
5,(,O
5,EEA,I-ORG
5,),O
5,",",O
5,and,O
5,to,O
5,remain,O
5,in,O
5,the,O
5,Customs,I-ORG
5,Union,I-ORG
5,.,O
5,The,O
5,paper,O
5,argues,O
5,that,O
5,if,O
5,the,O
5,UK,I-LOC
5,does,O
5,not,O
5,remain,O
5,in,O
5,those,O
5,European,O
5,unions,O
5,and,O
5,bodies,O
5,",",O
5,the,O
5,UK,I-ORG
5,government,I-ORG
5,should,O
5,support,O
5,Scotland,I-LOC
5,remaining,O
5,within,O
5,the,O
5,European,I-ORG
5,Single,I-ORG
5,Market,I-ORG
5,.,O
5,For,O
5,businesses,O
5,in,O
5,Scotland,I-LOC
5,to,O
5,maintain,O
5,access,O
5,to,O
5,the,O
5,EU,I-ORG
5,market,O
5,of,O
5,500,O
5,million,O
5,people,O
5,.,O
5,,O
6,The,O
6,former,O
6,Rangers,I-ORG
6,owner,O
6,Craig,I-PER
6,Whyte,I-PER
6,has,O
6,pleaded,O
6,not,O
6,guilty,O
6,to,O
6,two,O
6,charges,O
6,",",O
6,including,O
6,one,O
6,of,O
6,fraud,O
6,",",O
6,in,O
6,relation,O
6,to,O
6,his,O
6,purchase,O
6,of,O
6,the,O
6,club,O
6,in,O
6,2011,O
6,.,O
6,Mr,O
6,Whyte,I-PER
6,'s,O
6,lawyer,O
6,entered,O
6,the,O
6,plea,O
6,during,O
6,a,O
6,hearing,O
6,at,O
6,the,O
6,High,I-ORG
6,Court,I-ORG
6,in,O
6,Edinburgh,I-LOC
6,on,O
6,Thursday,O
6,morning,O
6,.,O
6,The,O
6,45,O
6,-,O
6,year,O
6,-,O
6,old,O
6,",",O
6,who,O
6,lives,O
6,in,O
6,London,I-LOC
6,",",O
6,faces,O
6,a,O
6,charge,O
6,of,O
6,fraud,O
6,and,O
6,a,O
6,second,O
6,allegation,O
6,under,O
6,the,O
6,Companies,O
6,Act,O
6,.,O
6,A,O
6,trial,O
6,is,O
6,scheduled,O
6,to,O
6,go,O
6,before,O
6,judge,O
6,Lady,I-PER
6,Stacey,I-PER
6,at,O
6,the,O
6,High,I-ORG
6,Court,I-ORG
6,in,O
6,Glasgow,I-LOC
6,in,O
6,April,O
6,.,O
6,,O
7,The,O
7,producer,O
7,of,O
7,Harry,I-PER
7,Potter,I-PER
7,and,O
7,the,O
7,Cursed,O
7,Child,O
7,is,O
7,among,O
7,the,O
7,nominees,O
7,at,O
7,this,O
7,year,O
7,'s,O
7,The,I-ORG
7,Stage,I-ORG
7,awards,O
7,.,O
7,Sonia,I-PER
7,Friedman,I-PER
7,is,O
7,shortlisted,O
7,for,O
7,producer,O
7,of,O
7,the,O
7,year,O
7,-,O
7,an,O
7,award,O
7,she,O
7,won,O
7,at,O
7,the,O
7,event,O
7,in,O
7,both,O
7,2016,O
7,and,O
7,2015,O
7,.,O
7,Her,O
7,other,O
7,recent,O
7,credits,O
7,include,O
7,Dreamgirls,O
7,",",O
7,Funny,O
7,Girl,O
7,and,O
7,1984,O
7,.,O
7,Kenny,I-PER
7,Wax,I-PER
7,",",O
7,who,O
7,produced,O
7,The,O
7,Play,O
7,That,O
7,Goes,O
7,Wrong,O
7,",",O
7,and,O
7,Fiery,I-ORG
7,Angel,I-ORG
7,",",O
7,which,O
7,produced,O
7,the,O
7,Kenneth,I-ORG
7,Branagh,I-ORG
7,Theatre,I-ORG
7,Company,I-ORG
7,West,I-ORG
7,End,I-ORG
7,season,O
7,",",O
7,are,O
7,also,O
7,nominated,O
7,in,O
7,the,O
7,category,O
7,.,O
7,,O
8,American,O
8,singer,O
8,Richard,I-PER
8,Marx,I-PER
8,has,O
8,said,O
8,he,O
8,had,O
8,to,O
8,restrain,O
8,a,O
8,fellow,O
8,passenger,O
8,on,O
8,a,O
8,Korean,I-ORG
8,Air,I-ORG
8,flight,O
8,",",O
8,after,O
8,the,O
8,man,O
8,allegedly,O
8,attacked,O
8,others,O
8,onboard,O
8,.,O
8,The,O
8,incident,O
8,happened,O
8,as,O
8,Marx,I-PER
8,and,O
8,his,O
8,wife,O
8,",",O
8,Daisy,I-PER
8,Fuentes,I-PER
8,",",O
8,were,O
8,travelling,O
8,from,O
8,Hanoi,I-LOC
8,to,O
8,Seoul,I-LOC
8,on,O
8,Tuesday,O
8,.,O
8,The,O
8,man,O
8,was,O
8,arrested,O
8,upon,O
8,landing,O
8,and,O
8,South,I-ORG
8,Korean,I-ORG
8,police,I-ORG
8,said,O
8,he,O
8,was,O
8,drunk,O
8,",",O
8,reported,O
8,Yonhap,I-ORG
8,news,O
8,agency,O
8,.,O
8,,O
9,The,O
9,Facebook,I-ORG
9,co,O
9,-,O
9,founder,O
9,coded,O
9,the,O
9,AI,O
9,assistant,O
9,-,O
9,called,O
9,Jarvis,O
9,",",O
9,after,O
9,the,O
9,butler,O
9,in,O
9,Iron,O
9,Man,O
9,-,O
9,for,O
9,his,O
9,home,O
9,.,O
9,If,O
9,he,O
9,decides,O
9,to,O
9,release,O
9,it,O
9,to,O
9,the,O
9,public,O
9,",",O
9,people,O
9,would,O
9,relate,O
9,differently,O
9,to,O
9,a,O
9,famous,O
9,voice,O
9,than,O
9,more,O
9,robotic,O
9,sounding,O
9,assistants,O
9,",",O
9,tech,O
9,experts,O
9,said,O
9,.,O
9,Mr,O
9,Zuckerberg,I-PER
9,asked,O
9,his,O
9,Facebook,I-ORG
9,followers,O
9,to,O
9,pick,O
9,the,O
9,voice,O
9,after,O
9,building,O
9,artificial,O
9,intelligence,O
9,to,O
9,help,O
9,him,O
9,around,O
9,the,O
9,house,O
9,.,O
9,He,O
9,told,O
9,tech,O
9,news,O
9,site,O
9,Fast,I-ORG
9,Company,I-ORG
9,that,O
9,he,O
9,called,O
9,Mr,O
9,Freeman,I-PER
9,after,O
9,the,O
9,actor,O
9,presented,O
9,the,O
9,Breakthrough,O
9,Awards,O
9,",",O
9,a,O
9,science,O
9,prize,O
9,co,O
9,-,O
9,founded,O
9,by,O
9,Mr,O
9,Zuckerberg,I-PER
9,.,O
9,,O
10,Prince,I-PER
10,Charles,I-PER
10,urged,O
10,people,O
10,to,O
10,remember,O
10,the,O
10,story,O
10,of,O
10,the,O
10,Nativity,O
10,this,O
10,Christmas,O
10,",",O
10,which,O
10,was,O
10,about,O
10,"""",O
10,the,O
10,fleeing,O
10,of,O
10,the,O
10,Holy,O
10,Family,O
10,to,O
10,escape,O
10,violent,O
10,persecution,O
10,"""",O
10,.,O
10,He,O
10,asked,O
10,listeners,O
10,to,O
10,remember,O
10,that,O
10,the,O
10,Prophet,I-PER
10,Mohammed,I-PER
10,migrated,O
10,from,O
10,Mecca,I-LOC
10,to,O
10,Medina,I-LOC
10,because,O
10,he,O
10,was,O
10,"""",O
10,seeking,O
10,the,O
10,freedom,O
10,for,O
10,himself,O
10,and,O
10,his,O
10,followers,O
10,to,O
10,worship,O
10,"""",O
10,.,O
10,The,I-PER
10,Prince,I-PER
10,said,O
10,:,O
10,"""",O
10,Whichever,O
10,religious,O
10,path,O
10,we,O
10,follow,O
10,",",O
10,the,O
10,destination,O
10,is,O
10,the,O
10,same,O
10,-,O
10,to,O
10,value,O
10,and,O
10,respect,O
10,the,O
10,other,O
10,person,O
10,",",O
10,accepting,O
10,their,O
10,right,O
10,to,O
10,live,O
10,out,O
10,their,O
10,peaceful,O
10,response,O
10,to,O
10,the,O
10,love,O
10,of,O
10,God,O
10,.,O
10,"""",O
10,,O
11,We,O
11,will,O
11,remember,O
11,2016,O
11,as,O
11,a,O
11,year,O
11,of,O
11,turbulence,O
11,illuminated,O
11,by,O
11,flashes,O
11,of,O
11,populist,O
11,anger,O
11,-,O
11,the,O
11,year,O
11,of,O
11,the,O
11,coming,O
11,of,O
11,Donald,I-PER
11,Trump,I-PER
11,and,O
11,the,O
11,UK,I-LOC
11,'s,O
11,decision,O
11,to,O
11,leave,O
11,the,O
11,European,I-ORG
11,Union,I-ORG
11,.,O
11,It,O
11,was,O
11,felt,O
11,in,O
11,Italy,I-LOC
11,too,O
11,",",O
11,where,O
11,voters,O
11,used,O
11,a,O
11,constitutional,O
11,referendum,O
11,to,O
11,unseat,O
11,a,O
11,prime,O
11,minister,O
11,-,O
11,and,O
11,it,O
11,may,O
11,yet,O
11,be,O
11,felt,O
11,in,O
11,France,I-LOC
11,where,O
11,Marine,I-PER
11,Le,I-PER
11,Pen,I-PER
11,",",O
11,standard,O
11,bearer,O
11,of,O
11,the,O
11,far,O
11,-,O
11,right,O
11,National,I-ORG
11,Front,I-ORG
11,",",O
11,seems,O
11,certain,O
11,at,O
11,least,O
11,to,O
11,make,O
11,it,O
11,to,O
11,the,O
11,second,O
11,round,O
11,of,O
11,the,O
11,presidential,O
11,elections,O
11,next,O
11,year,O
11,.,O
11,The,O
11,common,O
11,thread,O
11,from,O
11,Peoria,I-LOC
11,to,O
11,Pinner,I-LOC
11,to,O
11,Perugia,I-LOC
11,was,O
11,a,O
11,surge,O
11,of,O
11,angry,O
11,resentment,O
11,at,O
11,establishment,O
11,politicians,O
11,-,O
11,a,O
11,populist,O
11,revolt,O
11,against,O
11,being,O
11,told,O
11,what,O
11,it,O
11,is,O
11,acceptable,O
11,to,O
11,think,O
11,about,O
11,issues,O
11,like,O
11,globalisation,O
11,",",O
11,migration,O
11,and,O
11,Europe,I-LOC
11,.,O
11,,O
12,The,O
12,prime,O
12,minister,O
12,has,O
12,said,O
12,people,O
12,should,O
12,go,O
12,about,O
12,their,O
12,business,O
12,as,O
12,usual,O
12,and,O
12,not,O
12,be,O
12,"""",O
12,cowed,O
12,by,O
12,terrorists,O
12,"""",O
12,after,O
12,the,O
12,Christmas,O
12,market,O
12,attack,O
12,in,O
12,Germany,I-LOC
12,.,O
12,Theresa,I-PER
12,May,I-PER
12,told,O
12,the,O
12,London,I-ORG
12,Evening,I-ORG
12,Standard,I-ORG
12,it,O
12,was,O
12,important,O
12,to,O
12,"""",O
12,send,O
12,a,O
12,clear,O
12,message,O
12,that,O
12,people,O
12,should,O
12,"""",O
12,carry,O
12,on,O
12,with,O
12,our,O
12,lives,O
12,as,O
12,usual,O
12,"""",O
12,.,O
12,She,O
12,added,O
12,that,O
12,the,O
12,police,O
12,and,O
12,security,O
12,services,O
12,were,O
12,"""",O
12,unsung,O
12,heroes,O
12,"""",O
12,.,O
12,Twelve,O
12,people,O
12,were,O
12,killed,O
12,on,O
12,Monday,O
12,when,O
12,a,O
12,truck,O
12,was,O
12,driven,O
12,into,O
12,a,O
12,crowd,O
12,at,O
12,the,O
12,Breitscheidplatz,I-LOC
12,market,O
12,in,O
12,Berlin,I-LOC
12,.,O
12,,O
13,In,O
13,1976,O
13,",",O
13,director,O
13,Derek,I-PER
13,Jarman,I-PER
13,'s,O
13,debut,O
13,feature,O
13,film,O
13,Sebastiane,O
13,prompted,O
13,newspaper,O
13,outrage,O
13,with,O
13,its,O
13,plentiful,O
13,nudity,O
13,",",O
13,gay,O
13,Roman,O
13,soldiers,O
13,and,O
13,Latin,O
13,dialogue,O
13,.,O
13,Jarman,I-PER
13,was,O
13,one,O
13,of,O
13,Britain,I-LOC
13,'s,O
13,boldest,O
13,directors,O
13,-,O
13,and,O
13,his,O
13,partner,O
13,says,O
13,he,O
13,would,O
13,have,O
13,adored,O
13,the,O
13,freedom,O
13,of,O
13,modern,O
13,film,O
13,-,O
13,making,O
13,.,O
13,Keith,I-PER
13,Collins,I-PER
13,caught,O
13,Derek,I-PER
13,Jarman,I-PER
13,'s,O
13,eye,O
13,in,O
13,1986,O
13,at,O
13,a,O
13,festival,O
13,of,O
13,gay,O
13,and,O
13,lesbian,O
13,cinema,O
13,in,O
13,Newcastle,I-LOC
13,.,O
13,Jarman,I-PER
13,was,O
13,instantly,O
13,smitten,O
13,with,O
13,the,O
13,much,O
13,younger,O
13,computer,O
13,programmer,O
13,",",O
13,then,O
13,employed,O
13,on,O
13,secret,O
13,Ministry,I-ORG
13,of,I-ORG
13,Defence,I-ORG
13,projects,O
13,.,O
13,"""",O
13,I,O
13,'d,O
13,gone,O
13,with,O
13,a,O
13,gang,O
13,of,O
13,mates,O
13,to,O
13,see,O
13,Gus,I-PER
13,Van,I-PER
13,Sant,I-PER
13,'s,O
13,Mala,O
13,Noche,O
13,and,O
13,Wieland,I-PER
13,Speck,I-PER
13,'s,O
13,film,O
13,Westler,O
13,",",O
13,"""",O
13,Collins,I-PER
13,recalls,O
13,.,O
13,,O
14,Zuzana,I-PER
14,Ruzickova,I-PER
14,endured,O
14,three,O
14,concentration,O
14,camps,O
14,in,O
14,World,O
14,War,O
14,Two,O
14,",",O
14,including,O
14,Auschwitz,I-LOC
14,",",O
14,and,O
14,was,O
14,persecuted,O
14,by,O
14,the,O
14,Communists,O
14,in,O
14,Czechoslovakia,I-LOC
14,in,O
14,the,O
14,years,O
14,that,O
14,followed,O
14,.,O
14,But,O
14,not,O
14,only,O
14,did,O
14,she,O
14,survive,O
14,",",O
14,she,O
14,also,O
14,went,O
14,on,O
14,to,O
14,become,O
14,one,O
14,of,O
14,the,O
14,world,O
14,'s,O
14,leading,O
14,harpsichordists,O
14,.,O
14,"""",O
14,I,O
14,was,O
14,not,O
14,a,O
14,strong,O
14,child,O
14,",",O
14,but,O
14,I,O
14,was,O
14,in,O
14,love,O
14,with,O
14,music,O
14,from,O
14,the,O
14,beginning,O
14,",",O
14,"""",O
14,says,O
14,Zuzana,I-PER
14,Ruzickova,I-PER
14,",",O
14,who,O
14,turns,O
14,90,O
14,next,O
14,month,O
14,.,O
14,Born,O
14,in,O
14,Czechoslovakia,I-LOC
14,on,O
14,14,O
14,January,O
14,1927,O
14,to,O
14,a,O
14,prosperous,O
14,Jewish,O
14,family,O
14,",",O
14,she,O
14,had,O
14,a,O
14,happy,O
14,childhood,O
14,but,O
14,was,O
14,sickly,O
14,and,O
14,suffered,O
14,from,O
14,tuberculosis,O
14,.,O
14,,O
15,Lt,O
15,Gen,O
15,Ben,I-PER
15,Hodges,I-PER
15,said,O
15,Russia,I-LOC
15,'s,O
15,"""",O
15,disregard,O
15,for,O
15,civilian,O
15,casualties,O
15,...,O
15,is,O
15,not,O
15,the,O
15,conduct,O
15,of,O
15,a,O
15,nation,O
15,that,O
15,wants,O
15,to,O
15,be,O
15,treated,O
15,like,O
15,a,O
15,superpower,O
15,"""",O
15,.,O
15,Russia,I-LOC
15,'s,O
15,defence,O
15,minister,O
15,said,O
15,on,O
15,Thursday,O
15,that,O
15,its,O
15,air,O
15,force,O
15,had,O
15,killed,O
15,"35,000",O
15,fighters,O
15,in,O
15,Syria,I-LOC
15,.,O
15,But,O
15,Russia,I-LOC
15,has,O
15,been,O
15,accused,O
15,of,O
15,using,O
15,heavy,O
15,weapons,O
15,in,O
15,civilian,O
15,areas,O
15,.,O
15,,O
16,If,O
16,Manchester,I-ORG
16,United,I-ORG
16,sign,O
16,Paul,I-PER
16,Pogba,I-PER
16,'s,O
16,international,O
16,team,O
16,-,O
16,mate,O
16,Antoine,I-PER
16,Griezmann,I-PER
16,next,O
16,summer,O
16,they,O
16,will,O
16,give,O
16,themselves,O
16,a,O
16,French,O
16,connection,O
16,that,O
16,would,O
16,be,O
16,the,O
16,envy,O
16,",",O
16,not,O
16,just,O
16,of,O
16,the,O
16,rest,O
16,of,O
16,the,O
16,Premier,I-ORG
16,League,I-ORG
16,",",O
16,but,O
16,of,O
16,the,O
16,rest,O
16,of,O
16,Europe,I-LOC
16,.,O
16,,O
17,The,O
17,Nintendo,I-ORG
17,Entertainment,O
17,System,O
17,was,O
17,an,O
17,instant,O
17,hit,O
17,when,O
17,it,O
17,launched,O
17,in,O
17,1985,O
17,",",O
17,and,O
17,26,O
17,years,O
17,later,O
17,",",O
17,the,O
17,retro,O
17,gaming,O
17,system,O
17,is,O
17,still,O
17,a,O
17,hot,O
17,commodity,O
17,.,O
17,According,O
17,The,I-ORG
17,NPD,I-ORG
17,Group,I-ORG
17,",",O
17,an,O
17,industry,O
17,-,O
17,tracking,O
17,firm,O
17,",",O
17,"196,000",O
17,NES,O
17,Classic,O
17,Mini,O
17,units,O
17,were,O
17,sold,O
17,in,O
17,November,O
17,�,O
17,the,O
17,system,O
17,�s,O
17,first,O
17,month,O
17,on,O
17,the,O
17,market,O
17,.,O
17,But,O
17,gamers,O
17,looking,O
17,to,O
17,toss,O
17,barrels,O
17,in,O
17,Donkey,O
17,Kong,O
17,or,O
17,battle,O
17,King,O
17,Koopa,O
17,will,O
17,have,O
17,to,O
17,wait,O
17,",",O
17,as,O
17,these,O
17,consoles,O
17,have,O
17,sold,O
17,out,O
17,across,O
17,the,O
17,US,I-LOC
17,.,O
17,,O
18,Emma,I-PER
18,Stone,I-PER
18,sure,O
18,knows,O
18,the,O
18,best,O
18,way,O
18,around,O
18,a,O
18,hackneyed,O
18,red,O
18,carpet,O
18,question,O
18,.,O
18,The,O
18,�,O
18,La,O
18,La,O
18,Land,O
18,�,O
18,star,O
18,stopped,O
18,to,O
18,speak,O
18,with,O
18,Ryan,I-PER
18,Seacrest,I-PER
18,on,O
18,the,O
18,red,O
18,carpet,O
18,ahead,O
18,of,O
18,Sunday,O
18,�s,O
18,Golden,O
18,Globes,O
18,and,O
18,was,O
18,",",O
18,of,O
18,course,O
18,",",O
18,faced,O
18,with,O
18,the,O
18,ever,O
18,-,O
18,predictable,O
18,prompt,O
18,:,O
18,�,O
18,Tell,O
18,me,O
18,about,O
18,your,O
18,dress,O
18,.,O
18,�,O
18,Stone,I-PER
18,",",O
18,the,O
18,fabulous,O
18,wonder,O
18,that,O
18,she,O
18,is,O
18,",",O
18,had,O
18,the,O
18,perfect,O
18,reply,O
18,.,O
18,,O
19,�,O
19,A,O
19,nasty,O
19,woman,O
19,is,O
19,someone,O
19,who,O
19,refuses,O
19,to,O
19,be,O
19,bound,O
19,by,O
19,the,O
19,place,O
19,society,O
19,defined,O
19,for,O
19,her,O
19,",",O
19,someone,O
19,who,O
19,blazes,O
19,her,O
19,own,O
19,trail,O
19,",",O
19,�,O
19,Deborah,I-PER
19,Gaston,I-PER
19,",",O
19,director,O
19,of,O
19,education,O
19,at,O
19,the,O
19,National,I-LOC
19,Museum,I-LOC
19,of,I-LOC
19,Women,I-LOC
19,in,I-LOC
19,the,I-LOC
19,Arts,I-LOC
19,",",O
19,explained,O
19,to,O
19,The,I-ORG
19,Huffington,I-ORG
19,Post,I-ORG
19,.,O
19,,O
20,Since,O
20,it,O
20,was,O
20,founded,O
20,in,O
20,1987,O
20,",",O
20,the,O
20,National,I-LOC
20,Museum,I-LOC
20,of,I-LOC
20,Women,I-LOC
20,in,I-LOC
20,the,I-LOC
20,Arts,I-LOC
20,has,O
20,worked,O
20,to,O
20,preserve,O
20,and,O
20,share,O
20,the,O
20,legacies,O
20,of,O
20,such,O
20,subversive,O
20,heroines,O
20,",",O
20,specifically,O
20,those,O
20,engaged,O
20,in,O
20,creative,O
20,work,O
20,.,O
20,The,O
20,only,O
20,major,O
20,museum,O
20,in,O
20,the,O
20,world,O
20,dedicated,O
20,to,O
20,celebrating,O
20,the,O
20,history,O
20,of,O
20,women,O
20,-,O
20,identified,O
20,artists,O
20,",",O
20,the,O
20,NMWA,I-LOC
20,works,O
20,to,O
20,derail,O
20,the,O
20,longstanding,O
20,habit,O
20,of,O
20,overlooking,O
20,",",O
20,undermining,O
20,and,O
20,erasing,O
20,the,O
20,work,O
20,of,O
20,women,O
20,from,O
20,the,O
20,canon,O
20,.,O
20,If,O
20,you,O
20,wo,O
20,n�t,O
20,be,O
20,in,O
20,Washington,I-LOC
20,",",I-LOC
20,D.C.,I-LOC
20,",",O
20,for,O
20,the,O
20,Women,O
20,�s,O
20,March,O
20,",",O
20,do,O
20,n�t,O
20,fret,O
20,.,O
20,The,O
20,best,O
20,part,O
20,about,O
20,the,O
20,NMWA,I-LOC
20,is,O
20,that,O
20,",",O
20,in,O
20,essence,O
20,",",O
20,every,O
20,tour,O
20,is,O
20,a,O
20,�,O
20,Nasty,O
20,Women,O
20,�,O
20,tour,O
20,.,O
20,,O
21,She,O
21,identified,O
21,17th,O
21,century,O
21,scientific,O
21,illustrator,O
21,Maria,I-PER
21,Sibylla,I-PER
21,Merian,I-PER
21,as,O
21,one,O
21,of,O
21,her,O
21,favorite,O
21,examples,O
21,.,O
21,Merian,I-PER
21,",",O
21,born,O
21,in,O
21,1647,O
21,in,O
21,Frankfurt,I-LOC
21,",",O
21,Germany,I-LOC
21,",",O
21,grew,O
21,up,O
21,in,O
21,a,O
21,time,O
21,when,O
21,butterflies,O
21,were,O
21,presumed,O
21,to,O
21,have,O
21,demonic,O
21,qualities,O
21,.,O
21,Nonetheless,O
21,",",O
21,she,O
21,fell,O
21,in,O
21,love,O
21,with,O
21,the,O
21,winged,O
21,creatures,O
21,and,O
21,devoted,O
21,her,O
21,life,O
21,to,O
21,understanding,O
21,their,O
21,physical,O
21,composition,O
21,and,O
21,life,O
21,cycles,O
21,through,O
21,intensive,O
21,observation,O
21,.,O
21,She,O
21,chronicled,O
21,her,O
21,findings,O
21,in,O
21,scientific,O
21,illustrations,O
21,",",O
21,staggering,O
21,works,O
21,of,O
21,art,O
21,that,O
21,revealed,O
21,previously,O
21,unknown,O
21,biological,O
21,processes,O
21,.,O
21,,O
22,Baburao,I-PER
22,is,O
22,a,O
22,landlord,O
22,in,O
22,India,I-LOC
22,",",O
22,who,O
22,is,O
22,very,O
22,near,O
22,-,O
22,sighted,O
22,",",O
22,and,O
22,always,O
22,in,O
22,financial,O
22,trouble,O
22,.,O
22,Baburao,I-PER
22,has,O
22,a,O
22,tenant,O
22,named,O
22,Raja,I-PER
22,",",O
22,who,O
22,has,O
22,not,O
22,paid,O
22,his,O
22,rent,O
22,for,O
22,several,O
22,months,O
22,.,O
22,Baburao,I-PER
22,also,O
22,has,O
22,anther,O
22,tenant,O
22,named,O
22,Shyam,I-PER
22,",",O
22,who,O
22,has,O
22,come,O
22,to,O
22,the,O
22,city,O
22,to,O
22,look,O
22,for,O
22,a,O
22,job,O
22,in,O
22,his,O
22,late,O
22,father,O
22,'s,O
22,place,O
22,",",O
22,but,O
22,is,O
22,unable,O
22,to,O
22,find,O
22,employment,O
22,.,O
22,,O
23,Based,O
23,on,O
23,the,O
23,real,O
23,life,O
23,story,O
23,of,O
23,legendary,O
23,cryptanalyst,O
23,Alan,I-PER
23,Turing,I-PER
23,",",O
23,the,O
23,film,O
23,portrays,O
23,the,O
23,nail,O
23,-,O
23,biting,O
23,race,O
23,against,O
23,time,O
23,by,O
23,Turing,I-PER
23,and,O
23,his,O
23,brilliant,O
23,team,O
23,of,O
23,code,O
23,-,O
23,breakers,O
23,at,O
23,Britain,I-LOC
23,'s,O
23,top,O
23,-,O
23,secret,O
23,Government,I-ORG
23,Code,I-ORG
23,and,I-ORG
23,Cypher,I-ORG
23,School,I-ORG
23,at,O
23,Bletchley,I-LOC
23,Park,I-LOC
23,",",O
23,during,O
23,the,O
23,darkest,O
23,days,O
23,of,O
23,World,O
23,War,O
23,II,O
23,.,O
23,,O
24,When,O
24,his,O
24,brother,O
24,is,O
24,killed,O
24,in,O
24,a,O
24,robbery,O
24,",",O
24,paraplegic,O
24,Marine,I-PER
24,Jake,I-PER
24,Sully,I-PER
24,decides,O
24,to,O
24,take,O
24,his,O
24,place,O
24,in,O
24,a,O
24,mission,O
24,on,O
24,the,O
24,distant,O
24,world,O
24,of,O
24,Pandora,I-LOC
24,.,O
24,There,O
24,Jake,I-PER
24,learns,O
24,of,O
24,greedy,O
24,corporate,O
24,figurehead,O
24,Parker,I-PER
24,Selfridge,I-PER
24,'s,O
24,intentions,O
24,of,O
24,driving,O
24,off,O
24,the,O
24,native,O
24,humanoid,O
24,"""",O
24,Na'vi,O
24,"""",O
24,in,O
24,order,O
24,to,O
24,mine,O
24,for,O
24,the,O
24,precious,O
24,material,O
24,scattered,O
24,throughout,O
24,their,O
24,rich,O
24,woodland,O
24,.,O
24,,O
25,Buddy,I-PER
25,was,O
25,a,O
25,baby,O
25,in,O
25,an,O
25,orphanage,O
25,who,O
25,stowed,O
25,away,O
25,in,O
25,Santa,I-PER
25,'s,O
25,sack,O
25,and,O
25,ended,O
25,up,O
25,at,O
25,the,O
25,North,I-LOC
25,Pole,I-LOC
25,.,O
25,Later,O
25,",",O
25,as,O
25,an,O
25,adult,O
25,human,O
25,who,O
25,happened,O
25,to,O
25,be,O
25,raised,O
25,by,O
25,elves,O
25,",",O
25,Santa,I-PER
25,allows,O
25,him,O
25,to,O
25,go,O
25,to,O
25,New,I-LOC
25,York,I-LOC
25,City,I-LOC
25,to,O
25,find,O
25,his,O
25,birth,O
25,father,O
25,",",O
25,Walter,I-PER
25,Hobbs,I-PER
25,.,O
25,Hobbs,I-PER
25,",",O
25,on,O
25,Santa,I-PER
25,'s,O
25,naughty,O
25,list,O
25,for,O
25,being,O
25,a,O
25,heartless,O
25,jerk,O
25,",",O
25,had,O
25,no,O
25,idea,O
25,that,O
25,Buddy,I-PER
25,was,O
25,even,O
25,born,O
25,.,O
25,,O
26,From,O
26,the,O
26,largest,O
26,elephant,O
26,to,O
26,the,O
26,smallest,O
26,shrew,O
26,",",O
26,the,O
26,city,O
26,of,O
26,Zootopia,I-LOC
26,is,O
26,a,O
26,mammal,O
26,metropolis,O
26,where,O
26,various,O
26,animals,O
26,live,O
26,and,O
26,thrive,O
26,.,O
26,When,O
26,Judy,I-PER
26,Hopps,I-PER
26,becomes,O
26,the,O
26,first,O
26,rabbit,O
26,to,O
26,join,O
26,the,O
26,police,O
26,force,O
26,",",O
26,she,O
26,quickly,O
26,learns,O
26,how,O
26,tough,O
26,it,O
26,is,O
26,to,O
26,enforce,O
26,the,O
26,law,O
26,.,O
26,Determined,O
26,to,O
26,prove,O
26,herself,O
26,",",O
26,Judy,I-PER
26,jumps,O
26,at,O
26,the,O
26,opportunity,O
26,to,O
26,solve,O
26,a,O
26,mysterious,O
26,case,O
26,.,O
26,,O
27,On,O
27,Thursday,O
27,",",O
27,January,O
27,15th,O
27,",",O
27,2009,O
27,",",O
27,the,O
27,world,O
27,witnessed,O
27,the,O
27,"""",O
27,Miracle,O
27,on,O
27,the,O
27,Hudson,I-LOC
27,"""",O
27,when,O
27,Captain,O
27,Chesley,I-PER
27,Sullenberger,I-PER
27,",",O
27,nicknamed,O
27,"""",O
27,Sully,I-PER
27,"""",O
27,",",O
27,glided,O
27,his,O
27,disabled,O
27,plane,O
27,onto,O
27,the,O
27,frigid,O
27,waters,O
27,of,O
27,the,O
27,Hudson,I-LOC
27,River,I-LOC
27,",",O
27,saving,O
27,the,O
27,lives,O
27,of,O
27,all,O
27,155,O
27,aboard,O
27,.,O
27,However,O
27,",",O
27,even,O
27,as,O
27,Sully,I-PER
27,was,O
27,being,O
27,heralded,O
27,by,O
27,the,O
27,public,O
27,and,O
27,the,O
27,media,O
27,for,O
27,his,O
27,unprecedented,O
27,feat,O
27,of,O
27,aviation,O
27,skill,O
27,",",O
27,an,O
27,investigation,O
27,was,O
27,unfolding,O
27,that,O
27,threatened,O
27,to,O
27,destroy,O
27,his,O
27,reputation,O
27,and,O
27,Chesleys,I-PER
27,career,O
27,.,O
27,,O
28,Two,O
28,friends,O
28,in,O
28,their,O
28,early,O
28,20s,O
28,(,O
28,Hill,I-PER
28,and,O
28,Teller,I-PER
28,),O
28,living,O
28,in,O
28,Miami,I-LOC
28,Beach,I-LOC
28,during,O
28,the,O
28,Iraq,I-LOC
28,War,O
28,exploit,O
28,a,O
28,little,O
28,-,O
28,known,O
28,government,O
28,initiative,O
28,that,O
28,allows,O
28,small,O
28,businesses,O
28,to,O
28,bid,O
28,on,O
28,U.S.,I-LOC
28,Military,O
28,contracts,O
28,.,O
28,Starting,O
28,small,O
28,",",O
28,they,O
28,begin,O
28,raking,O
28,in,O
28,big,O
28,money,O
28,and,O
28,are,O
28,living,O
28,the,O
28,high,O
28,life,O
28,.,O
28,,O
29,After,O
29,the,O
29,death,O
29,of,O
29,Superman,I-PER
29,",",O
29,the,O
29,leader,O
29,of,O
29,a,O
29,secret,O
29,agency,O
29,Amanda,I-PER
29,Waller,I-PER
29,convinces,O
29,the,O
29,government,O
29,to,O
29,recruit,O
29,super,O
29,-,O
29,villains,O
29,imprisoned,O
29,in,O
29,Belle,I-LOC
29,Eve,I-LOC
29,to,O
29,protect,O
29,the,O
29,world,O
29,.,O
29,She,O
29,summons,O
29,the,O
29,hitman,O
29,Deadshot,I-PER
29,;,O
29,The,O
29,Joker,I-PER
29,'s,O
29,girlfriend,O
29,and,O
29,former,O
29,psychiatrist,O
29,Harley,I-PER
29,Quinn,I-PER
29,;,O
29,the,O
29,pyrokinetic,O
29,Diablo,I-PER
29,;,O
29,the,O
29,bank,O
29,thief,O
29,Captain,I-PER
29,Boomerang,I-PER
29,;,O
29,the,O
29,mutant,O
29,Killer,I-PER
29,Croc,I-PER
29,;,O
29,the,O
29,criminal,O
29,Slipknot,I-PER
29,;,O
29,and,O
29,the,O
29,witch,O
29,Enchantress,I-PER
29,that,O
29,possessed,O
29,the,O
29,former,O
29,archaeologist,O
29,June,I-PER
29,Moone,I-PER
29,to,O
29,form,O
29,The,O
29,Task,I-ORG
29,Force,I-ORG
29,X.,I-ORG
29,,O
30,In,O
30,London,I-LOC
30,",",O
30,Sherlock,I-PER
30,Holmes,I-PER
30,and,O
30,his,O
30,partner,O
30,Dr.,O
30,John,I-PER
30,Watson,I-PER
30,captures,O
30,the,O
30,follower,O
30,of,O
30,black,O
30,magic,O
30,and,O
30,serial,O
30,killer,O
30,Lord,O
30,Blackwood,I-PER
30,that,O
30,has,O
30,already,O
30,killed,O
30,five,O
30,women,O
30,when,O
30,he,O
30,is,O
30,near,O
30,to,O
30,kill,O
30,his,O
30,sixth,O
30,victim,O
30,.,O
30,Blackwood,I-PER
30,is,O
30,sentenced,O
30,to,O
30,be,O
30,strung,O
30,up,O
30,and,O
30,Dr.,O
30,Watson,I-PER
30,attests,O
30,his,O
30,death,O
30,.,O
30,However,O
30,",",O
30,Blackwood,I-PER
30,mysteriously,O
30,returns,O
30,from,O
30,the,O
30,afterlife,O
30,and,O
30,Inspector,I-PER
30,Lestrade,I-PER
30,summons,O
30,Sherlock,I-PER
30,Holmes,I-PER
30,to,O
30,help,O
30,the,O
30,Scotland,I-ORG
30,Yard,I-ORG
30,in,O
30,the,O
30,investigation,O
30,.,O
30,,O
31,When,O
31,Daniel,I-PER
31,Ocean,I-PER
31,is,O
31,released,O
31,from,O
31,prison,O
31,in,O
31,New,I-LOC
31,Jersey,I-LOC
31,",",O
31,his,O
31,next,O
31,heist,O
31,is,O
31,already,O
31,planned,O
31,.,O
31,Danny,I-PER
31,'s,O
31,target,O
31,are,O
31,three,O
31,Las,I-LOC
31,Vegas,I-LOC
31,casinos,O
31,:,O
31,The,O
31,Bellagio,I-LOC
31,",",O
31,the,I-LOC
31,Mirage,I-LOC
31,and,O
31,the,O
31,MGM,I-LOC
31,Grand,I-LOC
31,.,O
31,They,O
31,all,O
31,belong,O
31,to,O
31,ruthless,O
31,entrepreneur,O
31,Terry,I-PER
31,Benedict,I-PER
31,",",O
31,who,O
31,",",O
31,by,O
31,the,O
31,way,O
31,",",O
31,also,O
31,shows,O
31,a,O
31,certain,O
31,interest,O
31,in,O
31,Danny,I-PER
31,'s,O
31,beautiful,O
31,ex,O
31,-,O
31,wife,O
31,Tess,I-PER
31,.,O
31,,O
32,In,O
32,the,O
32,Battle,O
32,of,O
32,Thermopylae,I-LOC
32,of,O
32,480,O
32,BC,O
32,an,O
32,alliance,O
32,of,O
32,Greek,I-LOC
32,city,I-LOC
32,-,I-LOC
32,states,I-LOC
32,fought,O
32,the,O
32,invading,O
32,Persian,I-ORG
32,army,I-ORG
32,in,O
32,the,O
32,mountain,O
32,pass,O
32,of,O
32,Thermopylae,I-LOC
32,.,O
32,Vastly,O
32,outnumbered,O
32,",",O
32,the,O
32,Greeks,O
32,held,O
32,back,O
32,the,O
32,enemy,O
32,in,O
32,one,O
32,of,O
32,the,O
32,most,O
32,famous,O
32,last,O
32,stands,O
32,of,O
32,history,O
32,.,O
32,Persian,O
32,King,I-PER
32,Xerxes,I-PER
32,lead,O
32,a,O
32,Army,O
32,of,O
32,well,O
32,over,O
32,"100,000",O
32,(,O
32,Persian,O
32,king,O
32,Xerxes,I-PER
32,before,O
32,war,O
32,has,O
32,about,O
32,"170,000",O
32,army,O
32,),O
32,men,O
32,to,O
32,Greece,I-LOC
32,and,O
32,was,O
32,confronted,O
32,by,O
32,300,O
32,Spartans,O
32,",",O
32,700,O
32,Thespians,O
32,",",O
32,and,O
32,400,O
32,Thebans,O
32,.,O
32,,O
33,It,O
33,is,O
33,the,O
33,year,O
33,1250,O
33,B.C.,O
33,during,O
33,the,O
33,late,O
33,Bronze,O
33,age,O
33,.,O
33,Two,O
33,emerging,O
33,nations,O
33,begin,O
33,to,O
33,clash,O
33,after,O
33,Paris,I-LOC
33,",",O
33,the,I-PER
33,Trojan,I-PER
33,prince,I-PER
33,",",O
33,convinces,O
33,Helen,I-PER
33,",",O
33,Queen,O
33,of,O
33,Sparta,I-LOC
33,",",O
33,to,O
33,leave,O
33,her,O
33,husband,O
33,",",O
33,Menelaus,I-PER
33,",",O
33,and,O
33,sail,O
33,with,O
33,him,O
33,back,O
33,to,O
33,Troy,I-LOC
33,.,O
33,After,O
33,Menelaus,I-PER
33,finds,O
33,out,O
33,that,O
33,his,O
33,wife,O
33,was,O
33,taken,O
33,by,O
33,the,O
33,Trojans,O
33,",",O
33,he,O
33,asks,O
33,his,O
33,brother,O
33,Agamemnon,I-PER
33,to,O
33,help,O
33,him,O
33,get,O
33,her,O
33,back,O
33,.,O
33,,O
34,On,O
34,the,O
34,day,O
34,that,O
34,Hurricane,O
34,Katrina,O
34,hits,O
34,New,I-LOC
34,Orleans,I-LOC
34,",",O
34,elderly,O
34,Daisy,I-PER
34,Williams,I-PER
34,(,O
34,nee,O
34,Fuller,O
34,),O
34,is,O
34,on,O
34,her,O
34,deathbed,O
34,in,O
34,a,O
34,New,I-LOC
34,Orleans,I-LOC
34,hospital,O
34,.,O
34,At,O
34,her,O
34,side,O
34,is,O
34,her,O
34,adult,O
34,daughter,O
34,",",O
34,Caroline,I-PER
34,.,O
34,Daisy,I-PER
34,asks,O
34,Caroline,I-PER
34,to,O
34,read,O
34,to,O
34,her,O
34,aloud,O
34,the,O
34,diary,O
34,of,O
34,Daisy,I-PER
34,'s,O
34,lifelong,O
34,friend,O
34,",",O
34,Benjamin,I-PER
34,Button,I-PER
34,.,O
34,Benjamin,I-PER
34,'s,O
34,diary,O
34,recounts,O
34,his,O
34,entire,O
34,extraordinary,O
34,life,O
34,",",O
34,the,O
34,primary,O
34,unusual,O
34,aspect,O
34,of,O
34,which,O
34,was,O
34,his,O
34,aging,O
34,backwards,O
34,",",O
34,being,O
34,diagnosed,O
34,with,O
34,several,O
34,aging,O
34,diseases,O
34,at,O
34,birth,O
34,and,O
34,thus,O
34,given,O
34,little,O
34,chance,O
34,of,O
34,survival,O
34,",",O
34,but,O
34,who,O
34,does,O
34,survive,O
34,and,O
34,gets,O
34,younger,O
34,with,O
34,time,O
34,.,O
34,,O
35,In,O
35,late,O
35,nineteenth,O
35,century,O
35,Vienna,I-LOC
35,",",O
35,renowned,O
35,illusionist,O
35,Eisenheim,I-PER
35,is,O
35,reunited,O
35,with,O
35,the,O
35,Duchess,I-PER
35,von,I-PER
35,Teschen,I-PER
35,when,O
35,she,O
35,is,O
35,volunteered,O
35,from,O
35,the,O
35,audience,O
35,to,O
35,participate,O
35,in,O
35,an,O
35,illusion,O
35,during,O
35,one,O
35,of,O
35,his,O
35,performances,O
35,.,O
35,Despite,O
35,having,O
35,not,O
35,seen,O
35,each,O
35,other,O
35,in,O
35,fifteen,O
35,years,O
35,when,O
35,they,O
35,were,O
35,teenagers,O
35,",",O
35,they,O
35,almost,O
35,immediately,O
35,recognize,O
35,each,O
35,other,O
35,as,O
35,Eduard,I-PER
35,Abramovich,I-PER
35,and,O
35,Sophie,I-PER
35,von,I-PER
35,Teschen,I-PER
35,",",O
35,they,O
35,who,O
35,had,O
35,a,O
35,doomed,O
35,romance,O
35,at,O
35,that,O
35,time,O
35,due,O
35,to,O
35,their,O
35,class,O
35,differences,O
35,.,O
35,,O
36,Robert,I-PER
36,De,I-PER
36,Niro,I-PER
36,",",O
36,thought,O
36,of,O
36,as,O
36,one,O
36,of,O
36,the,O
36,greatest,O
36,actors,O
36,of,O
36,all,O
36,time,O
36,",",O
36,was,O
36,born,O
36,in,O
36,Greenwich,I-LOC
36,Village,I-LOC
36,",",O
36,Manhattan,I-LOC
36,",",O
36,New,I-LOC
36,York,I-LOC
36,City,I-LOC
36,",",O
36,to,O
36,artists,O
36,Virginia,I-PER
36,(,O
36,Admiral,O
36,),O
36,and,O
36,Robert,I-PER
36,De,I-PER
36,Niro,I-PER
36,Sr,I-PER
36,.,I-PER
36,His,O
36,paternal,O
36,grandfather,O
36,was,O
36,of,O
36,Italian,O
36,descent,O
36,",",O
36,and,O
36,his,O
36,other,O
36,ancestry,O
36,is,O
36,Irish,O
36,",",O
36,German,O
36,",",O
36,Dutch,O
36,",",O
36,English,O
36,",",O
36,and,O
36,French,O
36,.,O
36,He,O
36,was,O
36,trained,O
36,at,O
36,the,O
36,Stella,I-ORG
36,Adler,I-ORG
36,Conservatory,I-ORG
36,and,O
36,the,O
36,American,I-ORG
36,Workshop,I-ORG
36,.,O
36,,O
37,Calogero,I-PER
37,Anello,I-PER
37,is,O
37,a,O
37,nine,O
37,-,O
37,year,O
37,-,O
37,old,O
37,child,O
37,living,O
37,in,O
37,the,O
37,Bronx,I-LOC
37,-,O
37,notorious,O
37,for,O
37,gangster,O
37,bars,O
37,",",O
37,racist,O
37,people,O
37,and,O
37,an,O
37,aggressive,O
37,nature,O
37,.,O
37,Calogero,I-PER
37,witnesses,O
37,a,O
37,shooting,O
37,in,O
37,the,O
37,street,O
37,involving,O
37,local,O
37,big,O
37,shot,O
37,gangster,O
37,",",O
37,Sonny,I-PER
37,",",O
37,but,O
37,refuses,O
37,to,O
37,betray,O
37,him,O
37,to,O
37,the,O
37,police,O
37,.,O
37,Sonny,I-PER
37,grows,O
37,fond,O
37,of,O
37,the,O
37,boy,O
37,and,O
37,begins,O
37,to,O
37,teach,O
37,him,O
37,how,O
37,things,O
37,are,O
37,conducted,O
37,on,O
37,the,O
37,streets,O
37,.,O
37,Calogero,I-PER
37,'s,O
37,father,O
37,is,O
37,a,O
37,working,O
37,man,O
37,who,O
37,wants,O
37,his,O
37,child,O
37,to,O
37,grow,O
37,up,O
37,and,O
37,make,O
37,his,O
37,money,O
37,honestly,O
37,",",O
37,and,O
37,does,O
37,not,O
37,want,O
37,him,O
37,to,O
37,mix,O
37,with,O
37,Sonny,I-PER
37,.,O
37,,O
38,Christoph,I-PER
38,Waltz,I-PER
38,also,O
38,portrayed,O
38,computer,O
38,genius,O
38,Qohen,I-PER
38,Leth,I-PER
38,in,O
38,the,O
38,film,O
38,The,O
38,Zero,O
38,Theorem,O
38,(,O
38,2013,O
38,),O
38,",",O
38,American,O
38,plagiarist,O
38,Walter,I-PER
38,Keane,I-PER
38,in,O
38,the,O
38,biographical,O
38,film,O
38,Big,O
38,Eyes,O
38,(,O
38,2014,O
38,),O
38,",",O
38,and,O
38,7,I-PER
38,'s,O
38,nemesis,O
38,and,O
38,head,O
38,of,O
38,SPECTRE,I-ORG
38,Ernst,I-PER
38,Stavro,I-PER
38,Blofeld,I-PER
38,in,O
38,Spectre,O
38,(,O
38,2015,O
38,),O
38,.,O
38,,O
39,Derek,I-PER
39,Carr,I-PER
39,woke,O
39,up,O
39,a,O
39,struggling,O
39,Oakland,I-ORG
39,offense,O
39,by,O
39,throwing,O
39,two,O
39,touchdown,O
39,passes,O
39,in,O
39,the,O
39,fourth,O
39,quarter,O
39,as,O
39,the,O
39,Raiders,I-ORG
39,capped,O
39,a,O
39,successful,O
39,trip,O
39,to,O
39,Mexico,I-LOC
39,with,O
39,a,O
39,27,O
39,-,O
39,20,O
39,victory,O
39,over,O
39,the,O
39,Houston,I-ORG
39,Texans,I-ORG
39,on,O
39,Monday,O
39,night,O
39,.,O
39,Oakland,I-ORG
39,had,O
39,been,O
39,held,O
39,to,O
39,120,O
39,yards,O
39,through,O
39,three,O
39,quarters,O
39,",",O
39,with,O
39,the,O
39,running,O
39,game,O
39,going,O
39,nowhere,O
39,and,O
39,Carr,I-PER
39,finding,O
39,few,O
39,open,O
39,receivers,O
39,downfield,O
39,.,O
39,But,O
39,that,O
39,suddenly,O
39,changed,O
39,in,O
39,the,O
39,fourth,O
39,quarter,O
39,",",O
39,and,O
39,the,O
39,Raiders,I-ORG
39,won,O
39,a,O
39,fourth,O
39,straight,O
39,game,O
39,for,O
39,the,O
39,first,O
39,time,O
39,since,O
39,2002,O
39,.,O
39,,O
40,Neymar,I-PER
40,da,I-PER
40,Silva,I-PER
40,Santos,I-PER
40,J�nior,I-PER
40,was,O
40,having,O
40,an,O
40,unusually,O
40,quiet,O
40,first,O
40,half,O
40,when,O
40,the,O
40,ball,O
40,was,O
40,poked,O
40,through,O
40,to,O
40,him,O
40,.,O
40,It,O
40,was,O
40,a,O
40,few,O
40,minutes,O
40,before,O
40,halftime,O
40,of,O
40,the,O
40,FIFA,I-ORG
40,Confederations,O
40,Cup,O
40,final,O
40,between,O
40,host,O
40,Brazil,I-LOC
40,and,O
40,the,O
40,world,O
40,and,O
40,European,O
40,champion,O
40,Spain,I-LOC
40,at,O
40,the,O
40,refurbished,O
40,Maracan�,I-LOC
40,stadium,O
40,.,O
40,,O
41,In,O
41,Europe,I-LOC
41,",",O
41,Leicester,I-ORG
41,City,I-ORG
41,somehow,O
41,held,O
41,off,O
41,the,O
41,best,O
41,talent,O
41,that,O
41,richer,O
41,clubs,O
41,with,O
41,worldwide,O
41,followings,O
41,could,O
41,deploy,O
41,",",O
41,becoming,O
41,the,O
41,unlikeliest,O
41,and,O
41,most,O
41,endearing,O
41,Premier,I-ORG
41,League,I-ORG
41,champion,O
41,in,O
41,memory,O
41,.,O
41,,O
42,Chicago,I-LOC
42,is,O
42,the,O
42,home,O
42,of,O
42,the,O
42,United,I-ORG
42,States,I-ORG
42,Soccer,I-ORG
42,Federation,I-ORG
42,",",O
42,but,O
42,apparently,O
42,not,O
42,its,O
42,kind,O
42,of,O
42,town,O
42,when,O
42,it,O
42,comes,O
42,to,O
42,potential,O
42,sites,O
42,for,O
42,the,O
42,2018,O
42,or,O
42,the,O
42,2022,O
42,World,O
42,Cup,O
42,.,O
42,San,I-LOC
42,Francisco,I-LOC
42,and,O
42,the,O
42,rest,O
42,of,O
42,Northern,I-LOC
42,California,I-LOC
42,are,O
42,also,O
42,on,O
42,that,O
42,list,O
42,.,O
42,,O
43,As,O
43,Derrick,I-PER
43,Rose,I-PER
43,said,O
43,Tuesday,O
43,upon,O
43,his,O
43,return,O
43,from,O
43,a,O
43,one,O
43,-,O
43,night,O
43,detour,O
43,to,O
43,Chicago,I-LOC
43,",",O
43,�,O
43,things,O
43,happen,O
43,.,O
43,�,O
43,This,O
43,is,O
43,not,O
43,to,O
43,argue,O
43,that,O
43,Rose,I-PER
43,had,O
43,no,O
43,acceptable,O
43,reason,O
43,�,O
43,a,O
43,�,O
43,family,O
43,issue,O
43,",",O
43,�,O
43,he,O
43,said,O
43,�,O
43,for,O
43,missing,O
43,the,O
43,Knicks,I-ORG
43,�,O
43,110,O
43,-,O
43,96,O
43,loss,O
43,to,O
43,the,O
43,New,I-ORG
43,Orleans,I-ORG
43,Pelicans,I-ORG
43,at,O
43,Madison,I-LOC
43,Square,I-LOC
43,Garden,I-LOC
43,on,O
43,Monday,O
43,night,O
43,",",O
43,the,O
43,team,O
43,�s,O
43,eighth,O
43,defeat,O
43,in,O
43,nine,O
43,games,O
43,in,O
43,a,O
43,season,O
43,turning,O
43,familiarly,O
43,sour,O
43,.,O
43,,O
44,This,O
44,type,O
44,of,O
44,behavior,O
44,has,O
44,been,O
44,a,O
44,consistent,O
44,Knicks,I-ORG
44,malpractice,O
44,that,O
44,has,O
44,turned,O
44,distressingly,O
44,malignant,O
44,during,O
44,the,O
44,listing,O
44,team,O
44,presidency,O
44,of,O
44,Phil,I-PER
44,Jackson,I-PER
44,.,O
44,For,O
44,his,O
44,part,O
44,",",O
44,Jackson,I-PER
44,promised,O
44,an,O
44,era,O
44,of,O
44,availability,O
44,",",O
44,of,O
44,d�tente,O
44,with,O
44,reporters,O
44,covering,O
44,the,O
44,team,O
44,.,O
44,But,O
44,where,O
44,was,O
44,he,O
44,late,O
44,Monday,O
44,when,O
44,followers,O
44,of,O
44,the,O
44,N.B.A.,I-ORG
44,worldwide,O
44,were,O
44,checking,O
44,Twitter,I-ORG
44,to,O
44,find,O
44,out,O
44,what,O
44,the,O
44,Knicks,I-ORG
44,knew,O
44,of,O
44,Rose,I-PER
44,�s,O
44,whereabouts,O
44,?,O
44,,O
45,Phil,I-PER
45,Jackson,I-PER
45,left,O
45,Hornacek,I-PER
45,�,O
45,a,O
45,temperate,O
45,but,O
45,nonsense,O
45,-,O
45,averse,O
45,man,O
45,already,O
45,struggling,O
45,to,O
45,navigate,O
45,the,O
45,space,O
45,between,O
45,an,O
45,increasingly,O
45,vulnerable,O
45,Jackson,I-PER
45,and,O
45,his,O
45,sulking,O
45,stars,O
45,",",O
45,Derrick,I-PER
45,Rose,I-PER
45,and,O
45,Carmelo,I-PER
45,Anthony,I-PER
45,�,O
45,to,O
45,hem,O
45,and,O
45,haw,O
45,.,O
45,,O
46,Fans,O
46,ultimately,O
46,complain,O
46,that,O
46,the,O
46,dysfunction,O
46,traces,O
46,to,O
46,Dolan,I-PER
46,",",O
46,and,O
46,they,O
46,are,O
46,not,O
46,all,O
46,wrong,O
46,about,O
46,that,O
46,.,O
46,For,O
46,one,O
46,thing,O
46,",",O
46,he,O
46,�s,O
46,the,O
46,genius,O
46,who,O
46,chose,O
46,Anthony,I-PER
46,over,O
46,Coach,O
46,Mike,I-PER
46,D�Antoni,I-PER
46,in,O
46,2012,O
46,when,O
46,D�Antoni,I-PER
46,complained,O
46,that,O
46,building,O
46,an,O
46,offense,O
46,around,O
46,Anthony,I-PER
46,�s,O
46,isolation,O
46,skills,O
46,in,O
46,the,O
46,evolving,O
46,N.B.A.,I-ORG
46,was,O
46,akin,O
46,to,O
46,driving,O
46,cross,O
46,-,O
46,country,O
46,in,O
46,a,O
46,covered,O
46,wagon,O
46,.,O
46,Now,O
46,D�Antoni,I-PER
46,is,O
46,thriving,O
46,in,O
46,Houston,I-LOC
46,.,O
46,The,O
46,bailouts,O
46,from,O
46,New,I-LOC
46,York,I-LOC
46,�,O
46,Jackson,I-PER
46,�s,O
46,included,O
46,if,O
46,there,O
46,is,O
46,no,O
46,playoff,O
46,run,O
46,�,O
46,may,O
46,have,O
46,only,O
46,just,O
46,begun,O
46,.,O
46,,O
47,So,O
47,for,O
47,the,O
47,new,O
47,study,O
47,",",O
47,which,O
47,was,O
47,published,O
47,on,O
47,Monday,O
47,in,O
47,JAMA,I-ORG
47,Internal,I-ORG
47,Medicine,I-ORG
47,",",O
47,researchers,O
47,at,O
47,Loughborough,I-ORG
47,University,I-ORG
47,in,O
47,England,I-LOC
47,and,O
47,other,O
47,institutions,O
47,decided,O
47,to,O
47,delve,O
47,into,O
47,the,O
47,exercise,O
47,routines,O
47,of,O
47,tens,O
47,of,O
47,thousands,O
47,of,O
47,men,O
47,and,O
47,women,O
47,already,O
47,participating,O
47,in,O
47,the,O
47,Health,O
47,Survey,O
47,for,O
47,England,I-LOC
47,and,O
47,the,O
47,Scottish,O
47,Health,O
47,Survey,O
47,.,O
47,,O
48,Interestingly,O
48,",",O
48,these,O
48,weekend,O
48,warriors,O
48,were,O
48,mostly,O
48,male,O
48,",",O
48,almost,O
48,half,O
48,exercised,O
48,only,O
48,once,O
48,per,O
48,week,O
48,",",O
48,and,O
48,an,O
48,overwhelming,O
48,majority,O
48,",",O
48,almost,O
48,90,O
48,percent,O
48,",",O
48,reported,O
48,that,O
48,their,O
48,exercise,O
48,occurred,O
48,during,O
48,vigorous,O
48,sports,O
48,like,O
48,competitive,O
48,running,O
48,and,O
48,cycling,O
48,or,O
48,team,O
48,sports,O
48,like,O
48,soccer,O
48,.,O
48,,O
49,�,O
49,Reductions,O
49,in,O
49,risk,O
49,were,O
49,similar,O
49,in,O
49,the,O
49,weekend,O
49,warriors,O
49,and,O
49,the,O
49,regularly,O
49,active,O
49,",",O
49,�,O
49,says,O
49,Gary,I-PER
49,O�Donovan,I-PER
49,",",O
49,a,O
49,research,O
49,associate,O
49,at,O
49,Loughborough,I-ORG
49,University,I-ORG
49,who,O
49,led,O
49,the,O
49,study,O
49,.,O
49,,O
50,Frequent,O
50,exercise,O
50,is,O
50,generally,O
50,thought,O
50,to,O
50,be,O
50,better,O
50,than,O
50,fewer,O
50,workouts,O
50,at,O
50,",",O
50,for,O
50,instance,O
50,",",O
50,preventing,O
50,and,O
50,controlling,O
50,Type,O
50,2,O
50,diabetes,O
50,",",O
50,says,O
50,Hannah,I-PER
50,Arem,I-PER
50,",",O
50,an,O
50,epidemiologist,O
50,at,O
50,George,I-ORG
50,Washington,I-ORG
50,University,I-ORG
50,who,O
50,wrote,O
50,a,O
50,commentary,O
50,to,O
50,accompany,O
50,the,O
50,new,O
50,study,O
50,.,O
50,,O
51,People,O
51,walk,O
51,past,O
51,the,O
51,Reserve,I-ORG
51,Bank,I-ORG
51,of,I-ORG
51,India,I-ORG
51,(,O
51,RBI,I-ORG
51,),O
51,head,O
51,office,O
51,in,O
51,Mumbai,I-LOC
51,",",O
51,India,I-LOC
51,",",O
51,November,O
51,9,O
51,",",O
51,2016,O
51,.,O
51,India,I-LOC
51,'s,O
51,Prime,O
51,Minister,O
51,Narendra,I-PER
51,Modi,I-PER
51,shocked,O
51,the,O
51,country,O
51,on,O
51,Nov.,O
51,8,O
51,by,O
51,abolishing,O
51,500,O
51,and,O
51,"1,000",O
51,rupee,O
51,notes,O
51,",",O
51,which,O
51,accounted,O
51,for,O
51,86,O
51,percent,O
51,of,O
51,the,O
51,cash,O
51,in,O
51,circulation,O
51,.,O
51,RBI,I-ORG
51,raises,O
51,daily,O
51,limit,O
51,of,O
51,withdrawals,O
51,from,O
51,ATMs,O
51,to,O
51,"4,500",O
51,rupees,O
51,from,O
51,"2,500",O
51,.,O
51,,O
52,In,O
52,an,O
52,interview,O
52,with,O
52,state,O
52,television,O
52,broadcast,O
52,late,O
52,on,O
52,Sunday,O
52,",",O
52,Zhang,I-PER
52,Xiaoming,I-PER
52,",",O
52,the,O
52,head,O
52,of,O
52,China,I-LOC
52,'s,O
52,Liaison,I-ORG
52,Office,I-ORG
52,in,O
52,Hong,I-LOC
52,Kong,I-LOC
52,",",O
52,said,O
52,Beijing,I-LOC
52,will,O
52,not,O
52,interfere,O
52,in,O
52,matters,O
52,that,O
52,purely,O
52,affect,O
52,Hong,I-LOC
52,Kong,I-LOC
52,'s,O
52,autonomy,O
52,.,O
52,Chinese,O
52,President,O
52,Xi,I-PER
52,Jinping,I-PER
52,told,O
52,outgoing,O
52,Hong,I-LOC
52,Kong,I-LOC
52,Chief,O
52,Executive,O
52,Leung,I-PER
52,Chun,I-PER
52,-,I-PER
52,ying,I-PER
52,last,O
52,month,O
52,that,O
52,China,I-LOC
52,'s,O
52,central,O
52,government,O
52,strongly,O
52,supports,O
52,efforts,O
52,by,O
52,the,O
52,Hong,I-LOC
52,Kong,I-LOC
52,government,O
52,to,O
52,curb,O
52,moves,O
52,by,O
52,some,O
52,promoting,O
52,independence,O
52,for,O
52,the,O
52,global,O
52,financial,O
52,hub,O
52,.,O
52,,O
53,Samsung,I-ORG
53,Electronics,I-ORG
53,Co,I-ORG
53,'s,O
53,(,O
53,005930.KS,O
53,),O
53,sponsorship,O
53,of,O
53,the,O
53,equestrian,O
53,-,O
53,athlete,O
53,daughter,O
53,of,O
53,a,O
53,long,O
53,-,O
53,time,O
53,friend,O
53,of,O
53,President,O
53,Park,I-PER
53,Geun,I-PER
53,-,I-PER
53,hye,I-PER
53,has,O
53,helped,O
53,to,O
53,land,O
53,South,I-LOC
53,Korea,I-LOC
53,'s,O
53,top,O
53,company,O
53,in,O
53,the,O
53,center,O
53,of,O
53,the,O
53,country,O
53,'s,O
53,influence,O
53,-,O
53,peddling,O
53,scandal,O
53,.,O
53,Samsung,I-ORG
53,agreed,O
53,last,O
53,year,O
53,to,O
53,pay,O
53,$,O
53,18,O
53,million,O
53,to,O
53,Core,I-ORG
53,Sports,I-ORG
53,International,I-ORG
53,GmbH,I-ORG
53,",",O
53,a,O
53,consulting,O
53,firm,O
53,controlled,O
53,by,O
53,Park,I-PER
53,'s,O
53,friend,O
53,Choi,I-PER
53,Soon,I-PER
53,-,I-PER
53,sil,I-PER
53,",",O
53,who,O
53,is,O
53,in,O
53,jail,O
53,and,O
53,faces,O
53,charges,O
53,of,O
53,abuse,O
53,of,O
53,power,O
53,and,O
53,fraud,O
53,in,O
53,a,O
53,criminal,O
53,trial,O
53,that,O
53,began,O
53,this,O
53,month,O
53,.,O
53,Reuters,I-ORG
53,has,O
53,reviewed,O
53,a,O
53,copy,O
53,of,O
53,Samsung,I-ORG
53,Electronics,I-ORG
53,�,O
53,August,O
53,2015,O
53,contract,O
53,with,O
53,Core,I-ORG
53,Sports,I-ORG
53,to,O
53,sponsor,O
53,the,O
53,team,O
53,at,O
53,a,O
53,German,O
53,facility,O
53,in,O
53,Biblis,I-LOC
53,",",O
53,a,O
53,small,O
53,town,O
53,south,O
53,of,O
53,Frankfurt,I-LOC
53,.,O
53,Neither,O
53,party,O
53,announced,O
53,the,O
53,sponsorship,O
53,.,O
53,Sung,I-PER
53,-,I-PER
53,Kwan,I-PER
53,Park,I-PER
53,",",O
53,a,O
53,Frankfurt,I-LOC
53,-,O
53,based,O
53,lawyer,O
53,who,O
53,was,O
53,Core,I-ORG
53,'s,O
53,managing,O
53,director,O
53,",",O
53,declined,O
53,to,O
53,discuss,O
53,details,O
53,of,O
53,the,O
53,deal,O
53,when,O
53,approached,O
53,by,O
53,Reuters,I-ORG
53,",",O
53,citing,O
53,attorney,O
53,-,O
53,client,O
53,privilege,O
53,.,O
53,,O
54,Hyundai,I-ORG
54,Motor,I-ORG
54,sold,O
54,4.86,O
54,million,O
54,vehicles,O
54,compared,O
54,with,O
54,its,O
54,target,O
54,of,O
54,5.01,O
54,million,O
54,last,O
54,year,O
54,.,O
54,Kia,I-ORG
54,Motors,I-ORG
54,sold,O
54,3.02,O
54,million,O
54,vehicles,O
54,",",O
54,shy,O
54,of,O
54,its,O
54,goal,O
54,of,O
54,3.12,O
54,million,O
54,.,O
54,The,O
54,78,O
54,-,O
54,year,O
54,-,O
54,old,O
54,chief,O
54,said,O
54,the,O
54,automakers,O
54,will,O
54,launch,O
54,more,O
54,than,O
54,10,O
54,new,O
54,models,O
54,every,O
54,year,O
54,",",O
54,including,O
54,a,O
54,new,O
54,SUV,O
54,for,O
54,advanced,O
54,markets,O
54,and,O
54,a,O
54,Genesis,O
54,G70,O
54,sedan,O
54,this,O
54,year,O
54,.,O
54,,O
55,U.S.,I-LOC
55,District,O
55,Judge,O
55,Charles,I-PER
55,Breyer,I-PER
55,announced,O
55,the,O
55,settlement,O
55,during,O
55,a,O
55,hearing,O
55,in,O
55,San,I-LOC
55,Francisco,I-LOC
55,.,O
55,Breyer,I-PER
55,on,O
55,Tuesday,O
55,also,O
55,said,O
55,German,O
55,engineering,O
55,company,O
55,Robert,I-ORG
55,Bosch,I-ORG
55,GmbH,I-ORG
55,[,O
55,ROBG.UL,O
55,],O
55,",",O
55,which,O
55,produced,O
55,the,O
55,software,O
55,for,O
55,the,O
55,VW,I-ORG
55,diesels,O
55,",",O
55,has,O
55,agreed,O
55,in,O
55,principle,O
55,to,O
55,settle,O
55,civil,O
55,allegations,O
55,made,O
55,by,O
55,U.S.,I-LOC
55,diesel,O
55,vehicle,O
55,owners,O
55,.,O
55,Cynthia,I-PER
55,Giles,I-PER
55,",",O
55,U.S.,I-ORG
55,Environmental,I-ORG
55,Protection,I-ORG
55,Agency,I-ORG
55,assistant,O
55,administrator,O
55,",",O
55,estimated,O
55,that,O
55,the,O
55,costs,O
55,of,O
55,buybacks,O
55,",",O
55,fixes,O
55,and,O
55,diesel,O
55,offsets,O
55,agreed,O
55,to,O
55,by,O
55,VW,I-ORG
55,in,O
55,the,O
55,new,O
55,settlement,O
55,amounted,O
55,to,O
55,about,O
55,$,O
55,1,O
55,billion,O
55,.,O
55,,O
56,Global,O
56,eqity,O
56,funds,O
56,received,O
56,$,O
56,21,O
56,billion,O
56,in,O
56,the,O
56,past,O
56,week,O
56,-,O
56,their,O
56,ninth,O
56,-,O
56,biggest,O
56,inflow,O
56,ever,O
56,-,O
56,as,O
56,investors,O
56,embraced,O
56,the,O
56,',O
56,Trump,I-PER
56,trade,O
56,',O
56,",",O
56,while,O
56,money,O
56,flowed,O
56,out,O
56,of,O
56,bonds,O
56,for,O
56,seventh,O
56,week,O
56,in,O
56,a,O
56,row,O
56,",",O
56,Bank,I-ORG
56,of,I-ORG
56,America,I-ORG
56,Merrill,I-ORG
56,Lynch,I-ORG
56,said,O
56,on,O
56,Friday,O
56,.,O
56,,O
57,Trump,I-PER
57,",",O
57,who,O
57,says,O
57,Washington,I-LOC
57,is,O
57,"""",O
57,broken,O
57,"""",O
57,and,O
57,controlled,O
57,by,O
57,special,O
57,interests,O
57,",",O
57,has,O
57,largely,O
57,eschewed,O
57,technocrats,O
57,with,O
57,long,O
57,government,O
57,experience,O
57,.,O
57,Commentary,O
57,:,O
57,Mr.,O
57,Trump,I-PER
57,",",O
57,here,O
57,�s,O
57,what,O
57,other,O
57,presidents,O
57,learned,O
57,from,O
57,the,O
57,CIA,I-ORG
57,.,O
57,A,O
57,former,O
57,senior,O
57,U.S.,I-LOC
57,official,O
57,who,O
57,knows,O
57,Rex,I-PER
57,Tillerson,I-PER
57,",",O
57,the,O
57,former,O
57,Exxon,I-ORG
57,Mobil,I-ORG
57,CEO,O
57,who,O
57,is,O
57,Trump,I-PER
57,'s,O
57,nominee,O
57,for,O
57,secretary,O
57,of,O
57,state,O
57,",",O
57,and,O
57,Marine,I-ORG
57,General,O
57,James,I-PER
57,Mattis,I-PER
57,",",O
57,Trump,I-PER
57,'s,O
57,pick,O
57,for,O
57,defense,O
57,secretary,O
57,",",O
57,predicted,O
57,a,O
57,massive,O
57,clash,O
57,of,O
57,egos,O
57,in,O
57,the,O
57,cabinet,O
57,.,O
57,Tillerson,I-PER
57,and,O
57,Mattis,I-PER
57,are,O
57,"""",O
57,accustomed,O
57,to,O
57,dominating,O
57,whatever,O
57,space,O
57,they,O
57,find,O
57,themselves,O
57,in,O
57,",",O
57,and,O
57,that,O
57,probably,O
57,will,O
57,now,O
57,include,O
57,the,O
57,Situation,I-LOC
57,Room,I-LOC
57,and,O
57,even,O
57,the,O
57,Oval,I-LOC
57,Office,I-LOC
57,.,O
57,"""",O
57,,O
58,JFK,O
58,is,O
58,a,O
58,1991,O
58,American,O
58,historical,O
58,legal,O
58,-,O
58,conspiracy,O
58,thriller,O
58,film,O
58,directed,O
58,by,O
58,Oliver,I-PER
58,Stone,I-PER
58,.,O
58,It,O
58,examines,O
58,the,O
58,events,O
58,leading,O
58,to,O
58,the,O
58,assassination,O
58,of,O
58,President,O
58,John,I-PER
58,F.,I-PER
58,Kennedy,I-PER
58,and,O
58,alleged,O
58,cover,O
58,-,O
58,up,O
58,through,O
58,the,O
58,eyes,O
58,of,O
58,former,O
58,New,I-LOC
58,Orleans,I-LOC
58,district,O
58,attorney,O
58,Jim,I-PER
58,Garrison,I-PER
58,(,O
58,Kevin,I-PER
58,Costner,I-PER
58,),O
58,.,O
58,The,O
58,film,O
58,was,O
58,adapted,O
58,by,O
58,Stone,I-PER
58,and,O
58,Zachary,I-PER
58,Sklar,I-PER
58,from,O
58,the,O
58,books,O
58,On,O
58,the,O
58,Trail,O
58,of,O
58,the,O
58,Assassins,O
58,by,O
58,Jim,I-PER
58,Garrison,I-PER
58,and,O
58,Crossfire,O
58,:,O
58,The,O
58,Plot,O
58,That,O
58,Killed,O
58,Kennedy,I-PER
58,by,O
58,Jim,I-PER
58,Marrs,I-PER
58,.,O
58,Stone,I-PER
58,described,O
58,this,O
58,account,O
58,as,O
58,a,O
58,"""",O
58,counter,O
58,-,O
58,myth,O
58,"""",O
58,to,O
58,the,O
58,Warren,O
58,Commission,O
58,'s,O
58,"""",O
58,fictional,O
58,myth,O
58,.,O
58,"""",O
58,,O
59,Florence,I-PER
59,Nightingale,I-PER
59,was,O
59,born,O
59,on,O
59,12,O
59,May,O
59,1820,O
59,into,O
59,a,O
59,rich,O
59,",",O
59,upper,O
59,-,O
59,class,O
59,",",O
59,well,O
59,-,O
59,connected,O
59,British,O
59,family,O
59,at,O
59,the,O
59,Villa,I-LOC
59,Colombaia,I-LOC
59,",",O
59,in,O
59,Florence,I-LOC
59,",",O
59,Italy,I-LOC
59,",",O
59,and,O
59,was,O
59,named,O
59,after,O
59,the,O
59,city,O
59,of,O
59,her,O
59,birth,O
59,.,O
59,,O
60,Germany,I-LOC
60,is,O
60,a,O
60,member,O
60,of,O
60,the,O
60,United,I-ORG
60,Nations,I-ORG
60,",",O
60,NATO,I-ORG
60,",",O
60,the,O
60,G8,I-ORG
60,",",O
60,the,O
60,G20,I-ORG
60,",",O
60,and,O
60,the,O
60,OECD,I-ORG
60,.,O
